{"stats":{"minecraft:killed":{"minecraft:slime":5,"minecraft:wither":1,"minecraft:skeleton":5,"minecraft:chicken":1,"minecraft:silverfish":3,"minecraft:warden":4,"minecraft:creeper":2,"minecraft:zombie":8,"minecraft:enderman":4},"minecraft:used":{"minecraft:netherite_sword":8,"minecraft:dirt":4,"minecraft:soul_sand":4,"minecraft:anvil":1,"minecraft:obsidian":2,"minecraft:enchanted_golden_apple":10,"minecraft:wither_skeleton_skull":3,"minecraft:ender_pearl":1,"minecraft:end_stone":22,"minecraft:ender_eye":45,"minecraft:diamond_pickaxe":3038},"minecraft:custom":{"minecraft:mob_kills":34,"minecraft:interact_with_anvil":1,"minecraft:leave_game":1,"minecraft:time_since_death":2866,"minecraft:climb_one_cm":67,"minecraft:damage_resisted":696,"minecraft:sprint_one_cm":46704,"minecraft:walk_one_cm":56185,"minecraft:drop":65,"minecraft:play_time":36081,"minecraft:deaths":2,"minecraft:sneak_time":1089,"minecraft:walk_under_water_one_cm":9714,"minecraft:jump":480,"minecraft:walk_on_water_one_cm":31446,"minecraft:total_world_time":36081,"minecraft:time_since_rest":2898,"minecraft:damage_taken":1850,"minecraft:damage_absorbed":1509,"minecraft:damage_dealt":28286,"minecraft:swim_one_cm":10002,"minecraft:fly_one_cm":440992,"minecraft:crouch_one_cm":2203,"minecraft:fall_one_cm":106935},"minecraft:mined":{"minecraft:deepslate_tiles":169,"minecraft:tuff":127,"minecraft:dark_oak_leaves":16,"minecraft:deepslate_diamond_ore":7,"minecraft:candle":2,"minecraft:sculk_vein":22,"minecraft:dark_oak_log":2,"minecraft:end_stone":49,"minecraft:obsidian":2,"minecraft:cave_vines_plant":7,"minecraft:granite":35,"minecraft:budding_amethyst":3,"minecraft:grass_block":7,"minecraft:deepslate_bricks":9,"minecraft:deepslate_tile_stairs":11,"minecraft:moss_block":133,"minecraft:spawner":1,"minecraft:deepslate_brick_slab":1,"minecraft:polished_basalt":3,"minecraft:cobbled_deepslate":20,"minecraft:andesite":13,"minecraft:moss_carpet":2,"minecraft:chiseled_deepslate":1,"minecraft:deepslate_lapis_ore":2,"minecraft:big_dripleaf_stem":1,"minecraft:polished_deepslate":5,"minecraft:sculk_shrieker":1,"minecraft:cave_vines":8,"minecraft:deepslate_iron_ore":6,"minecraft:iron_bars":3,"minecraft:azalea":2,"minecraft:stone":892,"minecraft:deepslate_redstone_ore":8,"minecraft:flowering_azalea":1,"minecraft:infested_stone_bricks":2,"minecraft:deepslate_tile_slab":7,"minecraft:clay":56,"minecraft:calcite":26,"minecraft:sculk_sensor":3,"minecraft:mushroom_stem":1,"minecraft:tall_grass":12,"minecraft:copper_ore":1,"minecraft:lapis_ore":1,"minecraft:deepslate_gold_ore":14,"minecraft:cracked_deepslate_bricks":4,"minecraft:sculk":127,"minecraft:diorite":22,"minecraft:amethyst_block":57,"minecraft:big_dripleaf":3,"minecraft:gray_wool":1,"minecraft:stone_brick_stairs":4,"minecraft:grass":21,"minecraft:cracked_deepslate_tiles":72,"minecraft:coal_ore":9,"minecraft:gravel":2,"minecraft:sand":6,"minecraft:dirt":2,"minecraft:smooth_basalt":12,"minecraft:cracked_stone_bricks":2,"minecraft:red_mushroom_block":5,"minecraft:stone_bricks":7,"minecraft:small_dripleaf":3,"minecraft:mossy_stone_bricks":4,"minecraft:oak_leaves":5,"minecraft:deepslate":915,"minecraft:infested_stone":3},"minecraft:picked_up":{"minecraft:chiseled_deepslate":1,"minecraft:clay_ball":64,"minecraft:stone_brick_stairs":3,"minecraft:polished_deepslate":4,"minecraft:moss_carpet":16,"minecraft:raw_copper":4,"minecraft:cracked_stone_bricks":1,"minecraft:deepslate_tiles":106,"minecraft:candle":3,"minecraft:cobbled_deepslate":502,"minecraft:ender_eye":39,"minecraft:azalea":5,"minecraft:enchanted_golden_apple":63,"minecraft:raw_iron":8,"minecraft:end_stone":25,"minecraft:oak_door":1,"minecraft:big_dripleaf":14,"minecraft:torch":1,"minecraft:diorite":23,"minecraft:redstone":39,"minecraft:deepslate_tile_stairs":9,"minecraft:rotten_flesh":7,"minecraft:polished_basalt":2,"minecraft:deepslate_bricks":5,"minecraft:cracked_deepslate_bricks":1,"minecraft:netherite_chestplate":1,"minecraft:obsidian":2,"minecraft:iron_bars":2,"minecraft:cobblestone":636,"minecraft:cracked_deepslate_tiles":44,"minecraft:netherite_boots":1,"minecraft:andesite":13,"minecraft:flint":1,"minecraft:tuff":78,"minecraft:wither_skeleton_skull":1,"minecraft:netherite_leggings":1,"minecraft:deepslate_tile_slab":1,"minecraft:lapis_lazuli":46,"minecraft:dirt":3,"minecraft:bone":5,"minecraft:stone_bricks":10,"minecraft:wheat_seeds":10,"minecraft:raw_gold":30,"minecraft:mossy_stone_bricks":4,"minecraft:moss_block":64,"minecraft:flowering_azalea":1,"minecraft:sculk_catalyst":2,"minecraft:diamond":16,"minecraft:netherite_helmet":1,"minecraft:granite":26,"minecraft:gray_wool":1,"minecraft:coal":13,"minecraft:nether_star":2,"minecraft:ender_pearl":2,"minecraft:diamond_pickaxe":1},"minecraft:dropped":{"minecraft:soul_sand":1,"minecraft:candle":3,"minecraft:moss_block":64,"minecraft:wheat_seeds":10,"minecraft:lapis_lazuli":46,"minecraft:diamond":16,"minecraft:nether_star":1,"minecraft:cobblestone":578,"minecraft:granite":24,"minecraft:cracked_stone_bricks":1,"minecraft:deepslate_tile_slab":1,"minecraft:coal":13,"minecraft:flint":1,"minecraft:deepslate_tile_stairs":9,"minecraft:gray_wool":1,"minecraft:diorite":21,"minecraft:torch":1,"minecraft:sculk_catalyst":2,"minecraft:cracked_deepslate_tiles":44,"minecraft:flowering_azalea":1,"minecraft:polished_basalt":2,"minecraft:bone":5,"minecraft:redstone":39,"minecraft:polished_deepslate":4,"minecraft:oak_door":1,"minecraft:moss_carpet":16,"minecraft:soul_torch":1,"minecraft:cobbled_deepslate":422,"minecraft:raw_copper":2,"minecraft:tuff":64,"minecraft:netherite_sword":1,"minecraft:raw_iron":8,"minecraft:rotten_flesh":7,"minecraft:wither_skeleton_skull":1,"minecraft:clay_ball":64,"minecraft:enchanted_golden_apple":62,"minecraft:chiseled_deepslate":1,"minecraft:deepslate_bricks":5,"minecraft:big_dripleaf":14,"minecraft:deepslate_tiles":42,"minecraft:andesite":8,"minecraft:mossy_stone_bricks":4,"minecraft:azalea":5,"minecraft:stone_bricks":10,"minecraft:raw_gold":30,"minecraft:cracked_deepslate_bricks":1,"minecraft:stone_brick_stairs":3}},"DataVersion":3465}