{"stats":{"minecraft:used":{"minecraft:shield":53,"minecraft:iron_sword":232,"minecraft:smooth_sandstone_stairs":3,"minecraft:rotten_flesh":6,"minecraft:iron_chestplate":1,"minecraft:tuff":1,"minecraft:obsidian":37,"minecraft:honey_bottle":2,"iceandfire:ghost_chest":1,"minecraft:iron_helmet":1,"minecraft:stone_bricks":1,"minecraft:bow":33,"minecraft:scaffolding":5,"minecraft:furnace":2,"minecraft:diamond_boots":1,"minecraft:stone_pickaxe":80,"iceandfire:dragonbone_sword_ice":161,"alexscaves:muck":4,"minecraft:diamond_axe":65,"iceandfire:stymphalian_bird_dagger":37,"minecraft:golden_apple":6,"minecraft:sand":4,"minecraft:blast_furnace":3,"iceandfire:dragonbone_sword_lightning":193,"minecraft:bread":47,"iceandfire:ice_dragon_flesh":1,"minecraft:gravel":3,"minecraft:diamond_sword":135,"minecraft:smithing_table":1,"minecraft:experience_bottle":3,"minecraft:oak_trapdoor":1,"minecraft:stone_sword":15,"minecraft:flint_and_steel":20,"minecraft:cracked_deepslate_bricks":1,"minecraft:netherrack":84,"minecraft:dirt":5,"minecraft:anvil":2,"minecraft:iron_axe":224,"minecraft:bamboo":1,"alexscaves:spelunkery_table":3,"minecraft:cobbled_deepslate":3,"minecraft:calcite":1,"iceandfire:fire_dragon_flesh":2,"minecraft:glass_bottle":1,"minecraft:deepslate_bricks":1,"minecraft:cracked_stone_bricks":1,"minecraft:crafting_table":14,"minecraft:white_bed":1,"alexscaves:abyssmarine_bricks":1,"minecraft:dark_prismarine":1,"minecraft:diamond_pickaxe":659,"minecraft:iron_pickaxe":89,"minecraft:stone_axe":16,"minecraft:cobblestone":3,"minecraft:potion":6,"minecraft:white_banner":1,"minecraft:splash_potion":2},"minecraft:mined":{"minecraft:sculk_vein":31,"alexscaves:azure_neodymium_pillar":14,"minecraft:obsidian":1,"minecraft:acacia_log":5,"minecraft:grass_block":5,"minecraft:jungle_log":1,"minecraft:cracked_polished_blackstone_bricks":35,"minecraft:gilded_blackstone":1,"minecraft:spawner":1,"minecraft:polished_blackstone_bricks":75,"minecraft:tall_seagrass":4,"minecraft:sculk_catalyst":1,"minecraft:glowstone":22,"minecraft:cobbled_deepslate":2,"minecraft:iron_ore":23,"minecraft:fire":117,"alexscaves:abyssmarine_bricks":1,"minecraft:pumpkin":7,"minecraft:anvil":2,"minecraft:sculk_shrieker":1,"iceandfire:gold_pile":219,"minecraft:smooth_sandstone_stairs":3,"iceandfire:chared_cobblestone":5,"minecraft:cut_sandstone":1,"minecraft:blackstone":57,"iceandfire:dragon_ice_spikes":1,"minecraft:blast_furnace":3,"iceandfire:ghost_chest":1,"alexscaves:energized_galena_scarlet":1,"iceandfire:sapphire_ore":2,"minecraft:oak_planks":12,"minecraft:sugar_cane":5,"minecraft:blue_terracotta":1,"minecraft:grass":9,"minecraft:sand":2,"minecraft:dirt":10,"minecraft:ancient_debris":1,"minecraft:netherrack":99,"minecraft:deepslate":14,"iceandfire:chared_stone":5,"minecraft:diamond_ore":3,"alexscaves:spelunkery_table":2,"minecraft:tuff":1,"iceandfire:silver_ore":2,"minecraft:deepslate_diamond_ore":13,"minecraft:dark_oak_fence":8,"minecraft:decorated_pot":1,"alexscaves:galena_spire":1,"minecraft:spruce_leaves":2,"alexscaves:galena":57,"minecraft:hay_block":19,"minecraft:furnace":1,"minecraft:raw_gold_block":4,"minecraft:chiseled_sandstone":2,"minecraft:gold_block":13,"minecraft:deepslate_iron_ore":43,"minecraft:vine":2,"minecraft:warped_stem":23,"iceandfire:frost_lily":1,"minecraft:bamboo":59,"minecraft:stone":25,"minecraft:smithing_table":1,"alexscaves:azure_neodymium_node":1,"minecraft:basalt":1,"minecraft:crafting_table":9,"minecraft:blackstone_slab":3,"minecraft:sculk":457,"minecraft:diorite":4,"minecraft:ice":1,"minecraft:spruce_log":12,"minecraft:coal_ore":28,"minecraft:cobweb":21,"minecraft:cracked_stone_bricks":1,"alexscaves:scarlet_neodymium_pillar":10},"minecraft:dropped":{"iceandfire:chared_stone":10,"minecraft:iron_sword":3,"iceandfire:raw_silver":1,"minecraft:soul_sand":58,"minecraft:piston":4,"iceandfire:dragonscales_silver":4,"minecraft:glass_bottle":1,"minecraft:ender_pearl":1,"minecraft:decorated_pot":1,"minecraft:lantern":2,"minecraft:cracked_stone_bricks":1,"minecraft:raw_gold_block":3,"alexscaves:galena_gauntlet":1,"sophisticatedbackpacks:gold_backpack":1,"minecraft:cobblestone_stairs":1,"iceandfire:sea_serpent_scales_teal":1,"alexscaves:galena":16,"minecraft:dirt":20,"iceandfire:blindfold":1,"minecraft:jungle_button":3,"minecraft:dark_oak_fence":12,"minecraft:polished_blackstone_brick_stairs":2,"iceandfire:myrmex_desert_chitin":13,"minecraft:cut_sandstone":3,"iceandfire:chared_gravel":1,"iceandfire:dragonscales_red":40,"alexscaves:cave_map":4,"minecraft:gold_nugget":14,"minecraft:bone_meal":5,"alexscaves:muck":34,"iceandfire:ash":2,"minecraft:sand":38,"minecraft:polished_blackstone_bricks":40,"minecraft:polished_blackstone_slab":6,"iceandfire:fire_dragon_blood":1,"minecraft:iron_pickaxe":2,"iceandfire:armor_silver_metal_helmet":1,"minecraft:white_wool":1,"minecraft:gold_ingot":402,"minecraft:gravel":175,"minecraft:chiseled_polished_blackstone":1,"alexsmobs:centipede_leg":1,"minecraft:stone_axe":1,"minecraft:blackstone":285,"iceandfire:armor_sapphire_chestplate":2,"minecraft:cobbled_deepslate":12,"minecraft:nether_brick":128,"alexscaves:cave_tablet":8,"minecraft:smooth_sandstone_stairs":3,"minecraft:wheat":1,"iceandfire:armor_red_leggings":1,"minecraft:rotten_flesh":11,"minecraft:oak_planks":12,"iceandfire:shiny_scales":7,"minecraft:gunpowder":3,"iceandfire:deathworm_chitin_white":1,"iceandfire:troll_leather_frost":3,"minecraft:blackstone_slab":5,"minecraft:beef":5,"minecraft:scaffolding":5,"minecraft:quartz":14,"minecraft:netherrack":6,"minecraft:enchanted_book":2,"iceandfire:dragonscales_sapphire":38,"iceandfire:armor_green_leggings":1,"minecraft:prismarine_shard":5,"minecraft:iron_helmet":3,"minecraft:cobblestone":10,"minecraft:prismarine_crystals":13,"minecraft:copper_ingot":3,"minecraft:polished_andesite":1,"iceandfire:dragon_flute":1,"minecraft:stick":15,"iceandfire:armor_sapphire_boots":1,"iceandfire:armor_red_helmet":1,"minecraft:diorite":8,"iceandfire:copper_nugget":28,"minecraft:torch":2,"minecraft:rabbit":2,"minecraft:potion":2,"minecraft:iron_leggings":4,"iceandfire:stymphalian_bird_dagger":1,"minecraft:iron_axe":3,"alexscaves:lanternfish":1,"minecraft:cactus":1,"minecraft:paper":1,"minecraft:smooth_sandstone":2,"minecraft:acacia_planks":4,"iceandfire:dragon_skull_fire":2,"minecraft:chiseled_sandstone":2,"iceandfire:dragonbone":3,"minecraft:redstone":2,"iceandfire:armor_red_chestplate":2,"minecraft:blue_terracotta":1,"alexsmobs:crocodile_scute":2,"minecraft:warped_nylium":1,"minecraft:stone_sword":2,"minecraft:raw_copper":6,"alexscaves:mussel":1,"minecraft:tuff":10,"alexsmobs:pigshoes":6,"iceandfire:myrmex_stinger":1,"minecraft:iron_boots":10,"iceandfire:troll_weapon_hammer":1,"minecraft:spruce_boat":1,"minecraft:shield":2,"iceandfire:armor_green_boots":1,"iceandfire:chared_cobblestone":2,"iceandfire:dragonscales_amythest":3,"minecraft:iron_chestplate":2,"minecraft:golden_sword":2,"minecraft:stone_bricks":1,"minecraft:bamboo":348,"minecraft:diamond_boots":2,"minecraft:sandstone":2,"iceandfire:dragonbone_sword_lightning":1,"minecraft:stone_pickaxe":1,"minecraft:wooden_pickaxe":1},"minecraft:killed_by":{"cataclysm:the_watcher":2,"minecraft:piglin_brute":2,"alexscaves:hullbreaker":1,"minecraft:drowned":1,"iceandfire:sea_serpent":1,"cataclysm:deepling":1,"alexsmobs:crocodile":1,"iceandfire:myrmex_queen":1,"iceandfire:ice_dragon":5,"iceandfire:fire_dragon":23,"minecraft:husk":1,"alexscaves:ferrouslime":1,"minecraft:skeleton":2,"iceandfire:lightning_dragon":1},"minecraft:custom":{"minecraft:interact_with_crafting_table":59,"minecraft:open_barrel":30,"minecraft:eat_cake_slice":1,"minecraft:leave_game":2,"minecraft:time_since_death":22390,"minecraft:sprint_one_cm":798264,"minecraft:damage_blocked_by_shield":430,"minecraft:drop":297,"minecraft:talked_to_villager":1,"minecraft:play_time":355519,"minecraft:deaths":51,"minecraft:jump":6808,"minecraft:walk_on_water_one_cm":45365,"minecraft:interact_with_furnace":28,"minecraft:interact_with_loom":9,"minecraft:sleep_in_bed":1,"minecraft:damage_dealt":39570,"minecraft:player_kills":1,"minecraft:crouch_one_cm":6783,"minecraft:interact_with_smithing_table":7,"minecraft:mob_kills":126,"minecraft:interact_with_anvil":3,"minecraft:inspect_hopper":1,"minecraft:climb_one_cm":11681,"minecraft:walk_one_cm":637166,"minecraft:sneak_time":4540,"minecraft:walk_under_water_one_cm":224283,"minecraft:boat_one_cm":27129,"minecraft:interact_with_blast_furnace":13,"minecraft:total_world_time":355519,"minecraft:time_since_rest":22422,"minecraft:damage_taken":22046,"minecraft:damage_absorbed":199,"minecraft:trigger_trapped_chest":1,"minecraft:swim_one_cm":225082,"minecraft:fly_one_cm":1159557,"minecraft:open_chest":181,"minecraft:fall_one_cm":159331},"minecraft:killed":{"iceandfire:stymphalian_bird":1,"alexsmobs:alligator_snapping_turtle":1,"minecraft:skeleton":8,"alexsmobs:straddler":1,"minecraft:piglin_brute":7,"alexscaves:teletor":3,"alexscaves:notor":1,"iceandfire:myrmex_worker":1,"minecraft:piglin":10,"minecraft:creeper":1,"alexsmobs:crimson_mosquito":2,"minecraft:sheep":1,"minecraft:pillager":3,"cataclysm:deepling_brute":1,"minecraft:zombie":10,"iceandfire:myrmex_queen":1,"iceandfire:lightning_dragon":2,"minecraft:blaze":11,"alexscaves:ferrouslime":3,"minecraft:horse":3,"iceandfire:fire_dragon":2,"iceandfire:siren":2,"alexsmobs:soul_vulture":3,"minecraft:drowned":1,"iceandfire:deathworm":1,"alexsmobs:tusklin":1,"cataclysm:deepling_angler":1,"minecraft:husk":5,"alexsmobs:guster":6,"cataclysm:the_watcher":3,"minecraft:bat":1,"minecraft:hoglin":2,"alexsmobs:moose":3,"iceandfire:ice_dragon":1,"minecraft:enderman":2},"minecraft:crafted":{"minecraft:oak_planks":12,"iceandfire:armor_sapphire_chestplate":1,"sophisticatedbackpacks:crafting_upgrade":1,"sophisticatedbackpacks:smelting_upgrade":1,"minecraft:bow":1,"minecraft:iron_boots":3,"minecraft:chest":4,"minecraft:netherite_upgrade_smithing_template":2,"sophisticatedbackpacks:backpack":1,"iceandfire:armor_sapphire_helmet":1,"minecraft:diamond_axe":1,"minecraft:crafting_table":6,"minecraft:spruce_planks":48,"minecraft:iron_helmet":2,"minecraft:gold_block":8,"sophisticatedbackpacks:upgrade_base":2,"minecraft:iron_chestplate":1,"minecraft:diamond_pickaxe":2,"minecraft:shield":2,"sophisticatedbackpacks:diamond_backpack":1,"minecraft:stick":32,"minecraft:iron_ingot":118,"minecraft:iron_pickaxe":2,"minecraft:snow_block":7,"minecraft:iron_block":11,"minecraft:stone_sword":1,"minecraft:gold_ingot":294,"iceandfire:armor_sapphire_boots":1,"minecraft:netherite_ingot":2,"alexscaves:galena_gauntlet":1,"alexscaves:packed_galena":5,"minecraft:netherite_sword":1,"sophisticatedbackpacks:stack_upgrade_tier_1":1,"minecraft:furnace":2,"iceandfire:dragon_flute":1,"alexscaves:cave_map":3,"iceandfire:armor_sapphire_leggings":1,"minecraft:flint_and_steel":1,"minecraft:leather":1,"minecraft:iron_axe":4,"sophisticatedbackpacks:stack_upgrade_tier_2":1,"alexscaves:scarlet_neodymium_ingot":1,"sophisticatedbackpacks:iron_backpack":1,"minecraft:wheat":162,"minecraft:iron_sword":3,"sophisticatedbackpacks:gold_backpack":1,"minecraft:air":0,"minecraft:jungle_planks":4,"minecraft:raw_gold":27,"minecraft:iron_leggings":1,"minecraft:anvil":1,"minecraft:acacia_planks":20},"minecraft:broken":{"minecraft:golden_helmet":1,"iceandfire:armor_green_leggings":1,"iceandfire:armor_sapphire_leggings":1,"iceandfire:armor_green_boots":1,"iceandfire:armor_sapphire_helmet":1,"minecraft:shield":1,"iceandfire:armor_sapphire_boots":1,"minecraft:iron_axe":1,"iceandfire:armor_red_chestplate":1},"minecraft:picked_up":{"minecraft:iron_chestplate":1,"minecraft:wheat":1,"iceandfire:troll_weapon_hammer":1,"minecraft:anvil":2,"minecraft:prismarine_shard":5,"minecraft:smithing_table":1,"alexscaves:cave_tablet":12,"minecraft:enchanted_book":3,"minecraft:potion":11,"minecraft:nether_brick":128,"minecraft:polished_blackstone_brick_stairs":2,"minecraft:string":122,"iceandfire:sea_serpent_scales_teal":1,"minecraft:raw_copper":8,"minecraft:iron_leggings":2,"minecraft:sculk_shrieker":1,"alexsmobs:blood_sac":2,"minecraft:gold_nugget":2480,"minecraft:cobbled_deepslate":17,"iceandfire:frost_lily":1,"minecraft:calcite":1,"minecraft:iron_pickaxe":1,"minecraft:furnace":1,"iceandfire:dragonscales_red":40,"minecraft:iron_boots":5,"minecraft:golden_helmet":1,"minecraft:stick":9,"iceandfire:ghost_chest":1,"alexscaves:tesla_bulb":1,"alexscaves:raw_azure_neodymium":17,"minecraft:torch":4,"minecraft:acacia_log":5,"minecraft:porkchop":9,"iceandfire:lightning_dragon_blood":1,"minecraft:diorite":8,"alexsmobs:centipede_leg":1,"minecraft:stone_sword":1,"minecraft:cactus":1,"minecraft:rotten_flesh":41,"minecraft:blackstone_wall":1,"iceandfire:myrmex_desert_chitin":13,"alexscaves:notor_gizmo":1,"minecraft:blaze_rod":6,"minecraft:obsidian":23,"minecraft:snowball":28,"minecraft:cobblestone":24,"minecraft:magma_block":4,"iceandfire:sapphire_gem":2,"iceandfire:stymphalian_bird_dagger":1,"minecraft:feather":8,"minecraft:jungle_log":1,"iceandfire:armor_red_chestplate":3,"iceandfire:armor_green_boots":2,"minecraft:smooth_sandstone_stairs":6,"alexscaves:cave_book":1,"minecraft:flint":3,"minecraft:tuff":11,"alexscaves:lanternfish":1,"minecraft:dirt":25,"minecraft:lantern":2,"alexscaves:galena":61,"iceandfire:dragonbone_sword_ice":1,"alexscaves:muck":38,"minecraft:bone":24,"minecraft:bow":2,"minecraft:rabbit":2,"minecraft:diamond_helmet":2,"minecraft:glowstone_dust":68,"minecraft:bamboo":416,"minecraft:oak_planks":16,"iceandfire:dragonscales_amythest":3,"minecraft:chiseled_polished_blackstone":1,"iceandfire:dragonscales_sapphire":62,"minecraft:polished_blackstone_slab":6,"iceandfire:dragon_skull_fire":3,"iceandfire:shiny_scales":7,"minecraft:sand":42,"iceandfire:dragonbone_sword_lightning":2,"iceandfire:myrmex_stinger":1,"minecraft:spectral_arrow":127,"minecraft:chiseled_sandstone":2,"minecraft:dark_prismarine":1,"iceandfire:chared_cobblestone":4,"minecraft:polished_andesite":1,"alexsmobs:guster_eye":1,"minecraft:blue_terracotta":1,"minecraft:diamond":15,"minecraft:spruce_boat":1,"minecraft:cracked_polished_blackstone_bricks":18,"minecraft:spruce_button":3,"minecraft:emerald":1,"minecraft:oak_sapling":1,"minecraft:netherrack":91,"minecraft:dark_oak_fence":12,"iceandfire:raw_silver":1,"alexscaves:sea_pig":1,"alexscaves:raw_scarlet_neodymium":5,"sophisticatedbackpacks:gold_backpack":1,"minecraft:crafting_table":9,"minecraft:sandstone_slab":1,"minecraft:splash_potion":2,"minecraft:chicken":2,"minecraft:wooden_pickaxe":1,"minecraft:gold_block":14,"alexscaves:galena_gauntlet":1,"minecraft:shield":1,"minecraft:brick":11,"minecraft:oak_trapdoor":1,"alexsmobs:pigshoes":6,"minecraft:iron_axe":1,"iceandfire:armor_green_leggings":2,"minecraft:blackstone":294,"minecraft:cracked_stone_bricks":2,"minecraft:beef":5,"iceandfire:armor_red_helmet":1,"minecraft:iron_nugget":189,"minecraft:sugar_cane":16,"minecraft:piston":4,"minecraft:raw_iron":79,"minecraft:sandstone":2,"iceandfire:dragonbone":89,"minecraft:raw_gold_block":6,"iceandfire:armor_sapphire_chestplate":1,"minecraft:copper_ingot":11,"alexsmobs:straddlite":1,"minecraft:fire_charge":20,"minecraft:polished_blackstone_bricks":73,"iceandfire:deathworm_chitin_white":1,"minecraft:redstone":5,"minecraft:prismarine_crystals":13,"alexsmobs:crocodile_scute":2,"iceandfire:blindfold":1,"minecraft:arrow":18,"minecraft:decorated_pot":1,"iceandfire:dragonscales_silver":4,"minecraft:deepslate_bricks":1,"minecraft:diamond_boots":2,"minecraft:hay_block":18,"alexscaves:spelunkery_table":3,"minecraft:sandstone_stairs":1,"minecraft:cracked_deepslate_bricks":1,"minecraft:gold_ingot":154,"iceandfire:armor_sapphire_boots":1,"iceandfire:armor_red_leggings":1,"minecraft:rail":1,"minecraft:white_wool":1,"minecraft:leather":49,"minecraft:cut_sandstone":28,"minecraft:blackstone_slab":5,"minecraft:oak_log":3,"minecraft:ancient_debris":5,"minecraft:jungle_button":3,"alexscaves:ferrouslime_ball":3,"minecraft:gunpowder":5,"minecraft:cobblestone_stairs":1,"minecraft:paper":37,"minecraft:white_banner":2,"minecraft:smooth_sandstone":2,"minecraft:stone_bricks":2,"alexscaves:immortal_embryo":1,"iceandfire:armor_silver_metal_helmet":1,"iceandfire:troll_leather_frost":3,"minecraft:warped_stem":23,"minecraft:rabbit_hide":4,"minecraft:iron_ingot":35,"minecraft:stone_pickaxe":1,"alexscaves:enigmatic_engine":2,"iceandfire:fire_dragon_flesh":2,"minecraft:soul_sand":122,"minecraft:sculk_catalyst":1,"minecraft:scaffolding":19,"iceandfire:chared_stone":12,"iceandfire:copper_nugget":32,"minecraft:pumpkin":7,"minecraft:sculk":2,"iceandfire:ash":2,"minecraft:quartz":142,"minecraft:gravel":178,"minecraft:blast_furnace":3,"minecraft:white_bed":1,"minecraft:spruce_log":12,"minecraft:crying_obsidian":43,"alexscaves:abyssmarine_bricks":1,"alexscaves:telecore":2,"iceandfire:armor_copper_helmet":1,"alexscaves:mussel":1,"minecraft:stone_axe":1,"iceandfire:ice_dragon_flesh":2,"alexscaves:scarlet_neodymium_pillar":7,"alexscaves:azure_neodymium_pillar":16,"alexscaves:sea_glass_shards":5,"alexscaves:cave_map":2,"minecraft:warped_nylium":1,"minecraft:coal":53,"iceandfire:chared_gravel":1,"minecraft:ender_pearl":17}},"DataVersion":3465}