{"stats":{"minecraft:broken":{"minecraft:stone_axe":1},"minecraft:killed_by":{"cataclysm:deepling":1,"minecraft:player":2,"cataclysm:deepling_brute":1,"iceandfire:fire_dragon":5},"minecraft:picked_up":{"minecraft:birch_log":6,"minecraft:crafting_table":1,"minecraft:feather":3,"minecraft:repeater":1,"minecraft:creeper_head":1,"minecraft:jungle_log":8,"minecraft:andesite":1,"minecraft:leather":2,"alexscaves:cave_tablet":1,"minecraft:oak_log":6,"minecraft:stone_brick_stairs":2,"minecraft:shield":1,"minecraft:string":6,"alexsmobs:gazelle_horn":2,"minecraft:paper":65,"minecraft:dirt":12,"minecraft:iron_axe":1,"minecraft:sticky_piston":1,"minecraft:iron_leggings":1,"minecraft:bone":2,"minecraft:stone_bricks":2,"minecraft:wheat_seeds":3,"minecraft:gold_nugget":882,"minecraft:redstone_torch":1,"minecraft:mossy_stone_bricks":1,"minecraft:iron_pickaxe":1,"minecraft:bamboo":11,"minecraft:melon_slice":33,"minecraft:iron_sword":1,"minecraft:iron_boots":1,"minecraft:egg":1,"iceandfire:dragonbone":2,"minecraft:raw_iron":3,"minecraft:stick":2,"cataclysm:stone_tile_wall":5,"minecraft:pumpkin":4,"minecraft:composter":1,"minecraft:note_block":1,"iceandfire:dragon_skull_fire":2,"minecraft:amethyst_shard":6,"minecraft:trident":1,"minecraft:mossy_cobblestone":4,"alexsmobs:leafcutter_ant_pupa":1,"minecraft:pumpkin_seeds":8,"minecraft:dark_prismarine":2,"alexsmobs:kangaroo_hide":4,"minecraft:arrow":3,"minecraft:polished_blackstone_button":1,"cataclysm:athame":1,"iceandfire:fire_dragon_heart":1,"alexscaves:spelunkery_table":2,"alexsmobs:emu_egg":1,"minecraft:gray_wool":1,"minecraft:oak_sapling":1,"minecraft:mutton":5,"alexsmobs:kangaroo_meat":1,"minecraft:white_wool":2,"minecraft:cobblestone":13},"minecraft:killed":{"cataclysm:deepling_angler":1,"minecraft:spider":1,"minecraft:creeper":2,"minecraft:sheep":3,"minecraft:skeleton":3,"alexsmobs:gazelle":4,"cataclysm:deepling":1,"alexsmobs:kangaroo":1},"minecraft:custom":{"minecraft:inspect_dropper":1,"minecraft:mob_kills":16,"minecraft:interact_with_crafting_table":9,"minecraft:open_barrel":1,"minecraft:interact_with_loom":2,"minecraft:leave_game":1,"minecraft:time_since_death":4246,"minecraft:climb_one_cm":2842,"minecraft:time_since_rest":4292,"minecraft:sprint_one_cm":223962,"minecraft:damage_taken":3662,"minecraft:walk_one_cm":135153,"minecraft:damage_blocked_by_shield":43,"minecraft:trigger_trapped_chest":1,"minecraft:drop":33,"minecraft:damage_dealt":4536,"minecraft:play_noteblock":1,"minecraft:swim_one_cm":94388,"minecraft:fly_one_cm":232911,"minecraft:player_kills":1,"minecraft:open_chest":42,"minecraft:crouch_one_cm":1853,"minecraft:play_time":123314,"minecraft:deaths":10,"minecraft:sneak_time":1297,"minecraft:walk_under_water_one_cm":27979,"minecraft:jump":1357,"minecraft:walk_on_water_one_cm":22814,"minecraft:total_world_time":123314,"minecraft:inspect_dispenser":6,"minecraft:fall_one_cm":34131},"minecraft:used":{"minecraft:moss_block":2,"minecraft:mossy_stone_bricks":1,"minecraft:stone_pickaxe":15,"minecraft:wooden_pickaxe":11,"minecraft:shield":1,"cataclysm:stone_tile_wall":4,"minecraft:rotten_flesh":3,"minecraft:white_wool":2,"minecraft:mossy_cobblestone":4,"minecraft:dirt":9,"minecraft:crafting_table":4,"minecraft:dark_prismarine":2,"minecraft:command_block":2,"minecraft:iron_pickaxe":19,"cataclysm:athame":33,"minecraft:stone_axe":98,"alexscaves:spelunkery_table":1,"minecraft:cobblestone":3,"iceandfire:dragon_skull_fire":1,"minecraft:andesite":3,"minecraft:polished_blackstone_button":1},"minecraft:crafted":{"minecraft:oak_planks":24,"sophisticatedbackpacks:backpack":1,"minecraft:crafting_table":3,"minecraft:wooden_pickaxe":1,"minecraft:birch_planks":24,"minecraft:pumpkin_seeds":12,"minecraft:stone_axe":1,"alexscaves:cave_map":1,"minecraft:leather":2,"minecraft:stick":24,"minecraft:gold_ingot":99,"minecraft:stone_pickaxe":1,"minecraft:chest":1},"minecraft:mined":{"alexscaves:spelunkery_table":1,"minecraft:dark_prismarine":2,"minecraft:mossy_cobblestone":4,"minecraft:amethyst_cluster":1,"minecraft:note_block":1,"minecraft:crafting_table":1,"minecraft:cave_vines_plant":1,"minecraft:infested_cobblestone":3,"minecraft:grass_block":3,"minecraft:melon":7,"cataclysm:stone_tile_wall":5,"minecraft:jungle_log":8,"minecraft:cobblestone":7,"minecraft:birch_log":6,"minecraft:fire":3,"minecraft:creeper_head":1,"iceandfire:chared_gravel":1,"minecraft:andesite":1,"minecraft:pumpkin":4,"minecraft:stone_brick_stairs":2,"minecraft:grass":20,"minecraft:oak_log":6,"minecraft:cave_vines":1,"iceandfire:gold_pile":94,"minecraft:vine":2,"minecraft:dirt":9,"minecraft:bamboo":1,"minecraft:stone":7,"minecraft:stone_bricks":3,"minecraft:mossy_stone_bricks":1,"minecraft:oak_leaves":1,"minecraft:fern":2},"minecraft:dropped":{"minecraft:iron_ingot":9,"minecraft:golden_boots":1,"minecraft:iron_nugget":10,"minecraft:cobblestone":4,"minecraft:raw_iron":3,"minecraft:poisonous_potato":10,"minecraft:oak_planks":1,"minecraft:pumpkin_seeds":10,"minecraft:filled_map":3,"minecraft:dirt":3,"minecraft:gray_wool":1,"minecraft:trident":1,"minecraft:andesite":1,"minecraft:leather_leggings":1,"minecraft:stone_bricks":2,"minecraft:wooden_pickaxe":1,"cataclysm:stone_tile_wall":1,"minecraft:stone_brick_stairs":2}},"DataVersion":3465}