{"stats":{"minecraft:broken":{"minecraft:stone_sword":1,"minecraft:trident":1,"minecraft:stone_axe":1},"minecraft:killed_by":{"alexsmobs:skelewag":1,"minecraft:player":1,"minecraft:spider":2,"alexsmobs:leafcutter_ant":1,"cataclysm:deepling_warlock":1,"minecraft:drowned":1,"iceandfire:hippogryph":1,"cataclysm:deepling":2,"cataclysm:deepling_brute":2,"minecraft:zombie":1,"alexsmobs:kangaroo":1,"alexsmobs:grizzly_bear":1,"alexsmobs:gorilla":1,"iceandfire:cockatrice":1,"iceandfire:fire_dragon":6},"minecraft:picked_up":{"minecraft:crafting_table":3,"minecraft:redstone_block":1,"minecraft:ladder":1,"iceandfire:fire_lily":4,"minecraft:leather_leggings":1,"minecraft:oak_stairs":1,"minecraft:gold_block":3,"minecraft:stone_brick_stairs":1,"minecraft:string":10,"minecraft:sticky_piston":1,"minecraft:comparator":2,"minecraft:cobbled_deepslate":3,"minecraft:gold_nugget":26,"minecraft:beef":10,"minecraft:oak_boat":1,"minecraft:cobblestone_slab":1,"minecraft:iron_nugget":11,"minecraft:melon_slice":76,"minecraft:furnace":2,"minecraft:stick":2,"minecraft:raw_iron":117,"iceandfire:dragonbone":7,"iceandfire:dragonscales_green":3,"minecraft:composter":6,"minecraft:torch":7,"minecraft:trident":2,"minecraft:redstone":2,"alexsmobs:leafcutter_ant_pupa":1,"iceandfire:lightning_lily":2,"minecraft:arrow":2,"minecraft:light_gray_bed":2,"minecraft:rotten_flesh":10,"alexscaves:spelunkery_table":1,"minecraft:mutton":11,"cataclysm:stone_pillar":4,"alexsmobs:kangaroo_meat":5,"minecraft:white_wool":5,"minecraft:cobblestone":40,"minecraft:stripped_oak_log":2,"minecraft:magma_block":1,"minecraft:feather":5,"minecraft:cooked_beef":1,"minecraft:repeater":2,"minecraft:tripwire_hook":1,"minecraft:andesite":2,"minecraft:leather":3,"minecraft:smoker":3,"minecraft:oak_log":40,"minecraft:golden_boots":1,"minecraft:wither_skeleton_skull":2,"minecraft:dirt":4,"minecraft:bone":6,"minecraft:glass":4,"minecraft:stone_bricks":5,"minecraft:wheat_seeds":5,"minecraft:iron_ingot":14,"minecraft:stone_pickaxe":1,"minecraft:cooked_chicken":2,"minecraft:bamboo":2,"minecraft:moss_block":1,"minecraft:prismarine":1,"minecraft:oak_planks":10,"minecraft:flowering_azalea":1,"minecraft:book":66,"cataclysm:stone_tile_wall":2,"iceandfire:ash":48,"iceandfire:dragon_skull_fire":1,"iceandfire:shiny_scales":11,"minecraft:sand":8,"minecraft:amethyst_shard":2,"minecraft:ink_sac":3,"minecraft:spider_eye":2,"alexsmobs:animal_dictionary":1,"minecraft:mossy_cobblestone":6,"alexsmobs:kangaroo_hide":2,"minecraft:gray_wool":1,"minecraft:oak_button":2,"minecraft:netherrack":1,"minecraft:black_wool":1,"minecraft:coal":30,"iceandfire:chared_gravel":1,"minecraft:ender_pearl":1},"minecraft:killed":{"alexsmobs:hummingbird":1,"iceandfire:hippogryph":1,"alexsmobs:raccoon":2,"minecraft:spider":3,"alexsmobs:gorilla":1,"minecraft:skeleton":4,"iceandfire:fire_dragon":1,"alexsmobs:leafcutter_ant":1,"minecraft:drowned":2,"alexsmobs:kangaroo":3,"iceandfire:hippocampus":3,"cataclysm:deepling_angler":1,"cataclysm:deepling_warlock":1,"iceandfire:cockatrice":1,"minecraft:sheep":7,"cataclysm:deepling_brute":1,"minecraft:zombie":9,"alexsmobs:terrapin":2,"cataclysm:deepling":5,"alexsmobs:gazelle":2,"minecraft:enderman":2,"minecraft:cow":4},"minecraft:custom":{"minecraft:mob_kills":57,"minecraft:interact_with_crafting_table":36,"minecraft:open_barrel":7,"minecraft:leave_game":4,"minecraft:time_since_death":1942,"minecraft:climb_one_cm":7574,"minecraft:sprint_one_cm":272456,"minecraft:damage_blocked_by_shield":896,"minecraft:walk_one_cm":172991,"minecraft:drop":26,"minecraft:play_time":120772,"minecraft:sneak_time":1248,"minecraft:deaths":31,"minecraft:walk_under_water_one_cm":28840,"minecraft:boat_one_cm":269865,"minecraft:jump":2041,"minecraft:walk_on_water_one_cm":34878,"minecraft:total_world_time":120772,"minecraft:interact_with_furnace":6,"minecraft:interact_with_loom":1,"minecraft:sleep_in_bed":1,"minecraft:time_since_rest":1982,"minecraft:damage_taken":8259,"minecraft:trigger_trapped_chest":2,"minecraft:damage_dealt":13545,"minecraft:player_kills":2,"minecraft:swim_one_cm":103285,"minecraft:fly_one_cm":324653,"minecraft:open_chest":16,"minecraft:crouch_one_cm":3140,"minecraft:interact_with_smoker":4,"minecraft:fall_one_cm":66662},"minecraft:used":{"minecraft:trident":39,"minecraft:stone_sword":155,"minecraft:iron_shovel":48,"minecraft:ladder":1,"minecraft:shield":34,"minecraft:iron_sword":61,"minecraft:cooked_chicken":2,"minecraft:netherrack":1,"minecraft:torch":8,"minecraft:dirt":4,"minecraft:mutton":2,"minecraft:iron_axe":9,"minecraft:oak_stairs":1,"minecraft:iron_helmet":1,"minecraft:stone_bricks":2,"minecraft:magma_block":1,"minecraft:furnace":2,"minecraft:cooked_beef":3,"minecraft:light_gray_bed":1,"minecraft:wither_skeleton_skull":2,"minecraft:stone_pickaxe":76,"minecraft:prismarine":1,"minecraft:oak_planks":6,"minecraft:wooden_pickaxe":3,"minecraft:mossy_cobblestone":6,"cataclysm:stone_pillar":4,"minecraft:crafting_table":10,"minecraft:smoker":2,"minecraft:iron_pickaxe":146,"minecraft:melon_slice":15,"minecraft:stone_axe":111,"iceandfire:chared_gravel":1,"minecraft:cobblestone":18,"iceandfire:dragon_skull_fire":1,"minecraft:andesite":1,"minecraft:oak_boat":2,"alexsmobs:animal_dictionary":2},"minecraft:crafted":{"minecraft:oak_planks":168,"minecraft:furnace":1,"iceandfire:dragon_flute":1,"minecraft:glass":4,"minecraft:iron_boots":2,"minecraft:iron_axe":2,"minecraft:stone_pickaxe":1,"minecraft:cooked_beef":2,"minecraft:coal_block":1,"minecraft:glass_bottle":3,"minecraft:crafting_table":7,"minecraft:wooden_pickaxe":1,"minecraft:iron_sword":1,"minecraft:stone_axe":2,"minecraft:air":0,"minecraft:oak_boat":2,"minecraft:iron_chestplate":1,"minecraft:charcoal":5,"minecraft:shield":2,"minecraft:stick":21,"minecraft:iron_ingot":11,"minecraft:iron_pickaxe":2,"minecraft:stone_sword":1,"minecraft:iron_shovel":1,"minecraft:iron_leggings":2,"minecraft:torch":4},"minecraft:dropped":{"minecraft:golden_boots":1,"minecraft:iron_sword":1,"alexscaves:spelunkery_table":1,"minecraft:leather":2,"minecraft:ink_sac":3,"minecraft:iron_leggings":1,"iceandfire:ash":2,"minecraft:iron_axe":1,"minecraft:iron_pickaxe":1,"minecraft:paper":65,"minecraft:string":5,"minecraft:iron_nugget":2,"alexscaves:cave_tablet":1,"minecraft:iron_boots":1,"alexsmobs:leafcutter_ant_pupa":1,"alexsmobs:kangaroo_hide":2,"minecraft:filled_map":2,"minecraft:shield":1,"minecraft:leather_leggings":1},"minecraft:mined":{"iceandfire:lightning_lily":2,"alexscaves:spelunkery_table":1,"minecraft:mossy_cobblestone":8,"minecraft:cobblestone_stairs":1,"alexsmobs:leafcutter_anthill":1,"minecraft:cave_vines_plant":1,"cataclysm:stone_pillar":4,"minecraft:grass_block":2,"cataclysm:stone_tile_wall":2,"minecraft:infested_cobblestone":10,"minecraft:light_gray_bed":2,"minecraft:redstone_wire":1,"minecraft:composter":7,"minecraft:moss_block":1,"minecraft:magma_block":1,"minecraft:furnace":2,"minecraft:iron_ore":31,"minecraft:sticky_piston":2,"minecraft:cobbled_deepslate":1,"minecraft:andesite":2,"minecraft:gold_block":3,"minecraft:bookshelf":22,"minecraft:cobblestone_slab":1,"minecraft:cave_vines":1,"minecraft:deepslate_iron_ore":35,"minecraft:oak_stairs":1,"minecraft:stripped_oak_log":2,"minecraft:bamboo":1,"minecraft:stone":25,"minecraft:tripwire":3,"minecraft:flowering_azalea":1,"minecraft:redstone_block":1,"minecraft:comparator":1,"minecraft:smoker":3,"minecraft:observer":1,"minecraft:crafting_table":3,"minecraft:torch":4,"minecraft:melon":12,"iceandfire:fire_lily":4,"minecraft:tall_grass":1,"minecraft:wither_skeleton_wall_skull":1,"minecraft:cobblestone":18,"minecraft:prismarine":1,"minecraft:wall_torch":3,"minecraft:repeater":3,"minecraft:redstone_torch":1,"iceandfire:ash":51,"minecraft:stone_brick_stairs":1,"minecraft:grass":47,"minecraft:oak_log":41,"minecraft:coal_ore":18,"minecraft:sand":8,"minecraft:dirt":2,"minecraft:cobweb":1,"minecraft:tripwire_hook":1,"minecraft:wither_skeleton_skull":1,"minecraft:stone_bricks":4,"minecraft:netherrack":1,"minecraft:deepslate":3,"minecraft:oak_leaves":8,"minecraft:fern":2}},"DataVersion":3465}