{"stats":{"minecraft:used":{"minecraft:iron_shovel":151,"minecraft:shield":125,"minecraft:iron_sword":321,"minecraft:carrot":5,"minecraft:snowball":4,"iceandfire:armor_red_boots":2,"minecraft:obsidian":5,"minecraft:spruce_boat":3,"cataclysm:infernal_forge":3,"minecraft:lava_bucket":9,"minecraft:wet_sponge":1,"iceandfire:blindfold":3,"minecraft:bow":25,"minecraft:furnace":1,"iceandfire:troll_weapon_hammer":31,"minecraft:mossy_stone_bricks":1,"minecraft:stone_pickaxe":7,"iceandfire:dragonbone_sword_ice":314,"minecraft:wooden_pickaxe":17,"minecraft:sandstone":5,"alexscaves:muck":5,"iceandfire:stymphalian_bird_dagger":302,"minecraft:golden_apple":8,"minecraft:sand":47,"iceandfire:dragonbone_sword_lightning":120,"minecraft:crossbow":9,"minecraft:lever":1,"iceandfire:lightning_dragon_flesh":1,"minecraft:bread":27,"minecraft:melon_slice":19,"iceandfire:dragon_skull_fire":1,"minecraft:stone_sword":81,"minecraft:flint_and_steel":3,"minecraft:netherrack":21,"minecraft:torch":1,"iceandfire:dragonegg_bronze":1,"minecraft:dirt":17,"minecraft:diamond_helmet":1,"minecraft:golden_shovel":32,"minecraft:iron_axe":24,"minecraft:spruce_button":11,"minecraft:smooth_sandstone":3,"minecraft:iron_boots":1,"alexscaves:spelunkery_table":1,"minecraft:golden_carrot":13,"minecraft:goat_horn":2,"minecraft:cobbled_deepslate":1,"minecraft:enchanted_golden_apple":4,"minecraft:brown_bed":5,"minecraft:water_bucket":39,"minecraft:green_bed":1,"iceandfire:dragon_skull_lightning":2,"minecraft:polished_blackstone_bricks":4,"minecraft:salmon":2,"minecraft:mossy_cobblestone":2,"minecraft:crafting_table":18,"minecraft:tnt":12,"minecraft:white_bed":2,"minecraft:dark_prismarine":5,"minecraft:diamond_pickaxe":108,"iceandfire:dragonbone_sword_fire":94,"minecraft:iron_pickaxe":200,"minecraft:stone_axe":73,"minecraft:cobblestone":2,"minecraft:potion":3,"minecraft:porkchop":6,"minecraft:bucket":48,"minecraft:sculk_catalyst":1,"minecraft:splash_potion":1},"minecraft:mined":{"minecraft:white_bed":3,"alexscaves:azure_neodymium_pillar":5,"minecraft:potted_cactus":1,"minecraft:chiseled_polished_blackstone":1,"minecraft:grass_block":16,"minecraft:cracked_polished_blackstone_bricks":1,"minecraft:soul_soil":1,"minecraft:deepslate_bricks":1,"minecraft:coal_block":18,"minecraft:polished_blackstone_brick_slab":1,"minecraft:spawner":2,"minecraft:polished_blackstone_bricks":5,"minecraft:iron_ore":8,"minecraft:fire":60,"minecraft:anvil":1,"alexscaves:scarlet_neodymium_node":3,"minecraft:brown_bed":5,"minecraft:iron_bars":1,"minecraft:green_bed":2,"minecraft:tripwire":1,"minecraft:piston_head":1,"minecraft:deepslate_redstone_ore":3,"minecraft:blackstone":1,"minecraft:twisting_vines_plant":1,"alexscaves:energized_galena_neutral":1,"iceandfire:dragon_ice_spikes":1,"minecraft:melon":9,"alexscaves:energized_galena_scarlet":1,"iceandfire:fire_lily":3,"minecraft:cobblestone":6,"minecraft:damaged_anvil":1,"minecraft:smooth_sandstone_slab":1,"minecraft:seagrass":1,"minecraft:warped_nylium":7,"minecraft:wheat":1,"minecraft:tnt":1,"minecraft:grass":20,"minecraft:sand":148,"minecraft:dirt":47,"minecraft:wither_skeleton_skull":1,"minecraft:ancient_debris":3,"minecraft:netherrack":95,"minecraft:oak_leaves":1,"minecraft:deepslate":5,"alexscaves:spelunkery_table":2,"minecraft:diamond_ore":1,"minecraft:tuff":20,"iceandfire:silver_ore":1,"minecraft:mossy_cobblestone":3,"minecraft:deepslate_diamond_ore":8,"minecraft:decorated_pot":3,"minecraft:spruce_leaves":20,"alexscaves:galena":4,"minecraft:hay_block":17,"minecraft:redstone_ore":2,"minecraft:oak_trapdoor":2,"minecraft:carrots":2,"alexscaves:energized_galena_azure":2,"minecraft:snow":15,"minecraft:chiseled_deepslate":1,"minecraft:stripped_spruce_log":1,"minecraft:gold_block":20,"minecraft:bookshelf":2,"minecraft:potatoes":12,"minecraft:deepslate_iron_ore":27,"minecraft:vine":2,"minecraft:wet_sponge":1,"iceandfire:frost_lily":2,"minecraft:stone":19,"minecraft:oak_slab":3,"minecraft:scaffolding":12,"minecraft:soul_sand":1,"minecraft:basalt":3,"minecraft:smooth_sandstone":1,"minecraft:crafting_table":1,"minecraft:tall_grass":4,"minecraft:lily_pad":1,"minecraft:polished_blackstone_brick_stairs":1,"minecraft:cracked_deepslate_bricks":2,"minecraft:sculk":3,"minecraft:diorite":4,"alexscaves:galena_iron_ore":1,"minecraft:white_carpet":2,"minecraft:spruce_log":46,"minecraft:cobweb":26,"minecraft:cracked_stone_bricks":3,"minecraft:polished_andesite":2,"minecraft:stone_bricks":10,"minecraft:mossy_stone_bricks":3,"alexscaves:scarlet_neodymium_pillar":3,"minecraft:fern":5},"minecraft:dropped":{"minecraft:iron_sword":3,"iceandfire:raw_silver":1,"minecraft:glass_bottle":2,"minecraft:lantern":2,"minecraft:leather":4,"iceandfire:dragonscales_copper":7,"minecraft:cracked_stone_bricks":3,"minecraft:raw_gold_block":1,"alexsmobs:bison_fur":3,"alexscaves:galena_gauntlet":1,"sophisticatedbackpacks:gold_backpack":1,"minecraft:cobblestone_stairs":1,"minecraft:dirt":50,"minecraft:jungle_button":3,"iceandfire:blindfold":2,"minecraft:mutton":1,"iceandfire:armor_silver_metal_leggings":2,"minecraft:cut_sandstone":16,"iceandfire:chared_gravel":1,"alexscaves:muck":10,"minecraft:gold_nugget":334,"alexscaves:cave_map":5,"alexscaves:ferrouslime_ball":2,"iceandfire:ash":2,"iceandfire:armor_copper_helmet":1,"minecraft:sand":19,"minecraft:sugar":1,"minecraft:iron_pickaxe":3,"iceandfire:armor_silver_metal_helmet":3,"minecraft:gold_ingot":2,"minecraft:gravel":4,"minecraft:stone_axe":1,"minecraft:blackstone":1,"minecraft:ancient_debris":4,"minecraft:lever":1,"iceandfire:armor_sapphire_chestplate":1,"minecraft:cobbled_deepslate":6,"alexscaves:cave_tablet":12,"iceandfire:armor_red_leggings":2,"minecraft:rotten_flesh":9,"iceandfire:shiny_scales":7,"iceandfire:sapphire_gem":1,"iceandfire:armor_silver_metal_boots":3,"minecraft:gunpowder":1,"alexscaves:cave_book":1,"minecraft:yellow_banner":1,"minecraft:iron_bars":1,"minecraft:arrow":1,"iceandfire:deathworm_chitin_yellow":4,"minecraft:netherrack":25,"minecraft:enchanted_book":2,"minecraft:iron_ingot":31,"iceandfire:lightning_dragon_blood":1,"iceandfire:dragonscales_sapphire":19,"minecraft:wheat_seeds":6,"minecraft:golden_helmet":1,"iceandfire:armor_green_leggings":3,"minecraft:mossy_cobblestone":1,"iceandfire:dragonscales_green":1,"iceandfire:wither_shard":3,"minecraft:prismarine_shard":1,"minecraft:cobblestone":22,"minecraft:prismarine_crystals":13,"alexscaves:spelunkery_table":1,"minecraft:copper_ingot":7,"minecraft:chainmail_helmet":1,"iceandfire:armor_sapphire_boots":1,"iceandfire:armor_red_helmet":2,"minecraft:diorite":4,"minecraft:torch":1,"minecraft:diamond_helmet":2,"iceandfire:armor_silver_metal_chestplate":3,"minecraft:potion":2,"minecraft:iron_leggings":6,"iceandfire:stymphalian_bird_dagger":2,"minecraft:cactus":4,"minecraft:iron_shovel":1,"minecraft:paper":37,"minecraft:string":16,"iceandfire:dragon_skull_fire":1,"minecraft:redstone":3,"iceandfire:dragonbone":9,"iceandfire:armor_red_chestplate":4,"minecraft:blue_terracotta":4,"minecraft:stone_sword":5,"alexscaves:mussel":1,"minecraft:tuff":125,"minecraft:raw_iron":23,"iceandfire:armor_green_helmet":1,"minecraft:white_carpet":2,"alexscaves:diving_chestplate":1,"minecraft:iron_boots":3,"iceandfire:dragonbone_sword_ice":2,"iceandfire:dragon_skull_ice":2,"minecraft:filled_map":5,"minecraft:flower_pot":1,"iceandfire:armor_green_boots":3,"minecraft:spruce_planks":3,"minecraft:iron_chestplate":3,"minecraft:mossy_stone_bricks":2,"minecraft:oak_sapling":1,"minecraft:stone_bricks":9,"minecraft:diamond_boots":2,"minecraft:spruce_log":19,"minecraft:bow":1,"iceandfire:dragonbone_sword_lightning":1,"minecraft:stone_pickaxe":1,"minecraft:wooden_pickaxe":1,"minecraft:calcite":1,"minecraft:dark_prismarine":2},"minecraft:killed_by":{"cataclysm:the_watcher":1,"minecraft:wither_skeleton":2,"minecraft:piglin_brute":2,"iceandfire:siren":1,"minecraft:piglin":1,"alexsmobs:crocodile":1,"iceandfire:myrmex_queen":1,"iceandfire:ice_dragon":3,"minecraft:blaze":1,"minecraft:zombie":3,"alexscaves:teletor":1,"iceandfire:myrmex_soldier":1,"iceandfire:fire_dragon":34,"minecraft:husk":3,"minecraft:player":1,"minecraft:spider":1,"iceandfire:gorgon":2,"minecraft:warden":3,"alexsmobs:centipede_head":1,"minecraft:skeleton":3,"iceandfire:lightning_dragon":1,"iceandfire:ghost":1,"iceandfire:troll":1},"minecraft:custom":{"minecraft:interact_with_crafting_table":46,"minecraft:open_barrel":62,"minecraft:leave_game":1,"minecraft:time_since_death":2440,"minecraft:damage_resisted":247,"minecraft:sprint_one_cm":759273,"minecraft:damage_blocked_by_shield":1054,"minecraft:drop":234,"minecraft:talked_to_villager":2,"minecraft:play_time":354338,"minecraft:deaths":91,"minecraft:jump":6780,"minecraft:interact_with_brewingstand":1,"minecraft:walk_on_water_one_cm":44021,"minecraft:interact_with_furnace":17,"minecraft:sleep_in_bed":4,"minecraft:damage_dealt":75337,"minecraft:crouch_one_cm":12178,"minecraft:inspect_dispenser":7,"minecraft:interact_with_smithing_table":3,"minecraft:mob_kills":211,"minecraft:damage_dealt_resisted":464,"minecraft:climb_one_cm":10572,"minecraft:walk_one_cm":661648,"minecraft:damage_dealt_absorbed":120,"minecraft:sneak_time":3864,"minecraft:walk_under_water_one_cm":109792,"minecraft:boat_one_cm":138866,"minecraft:interact_with_blast_furnace":3,"minecraft:total_world_time":354338,"minecraft:time_since_rest":2470,"minecraft:damage_taken":27010,"minecraft:damage_absorbed":835,"minecraft:trigger_trapped_chest":5,"minecraft:swim_one_cm":372858,"minecraft:fly_one_cm":1270117,"minecraft:open_chest":133,"minecraft:fall_one_cm":221693},"minecraft:crafted":{"iceandfire:armor_sapphire_chestplate":1,"minecraft:lever":1,"minecraft:glass":6,"iceandfire:armor_silver_metal_chestplate":1,"minecraft:iron_boots":1,"iceandfire:dragonbone_sword_lightning":2,"iceandfire:armor_green_helmet":1,"minecraft:glass_bottle":6,"minecraft:crafting_table":17,"iceandfire:blindfold":1,"minecraft:spruce_planks":100,"minecraft:wooden_pickaxe":1,"iceandfire:armor_red_chestplate":3,"iceandfire:wither_shard":3,"iceandfire:dragonbone_sword_ice":2,"minecraft:diamond_pickaxe":1,"minecraft:iron_chestplate":2,"sophisticatedbackpacks:diamond_backpack":1,"minecraft:stick":22,"minecraft:iron_ingot":35,"minecraft:iron_pickaxe":1,"minecraft:stone_sword":1,"minecraft:gold_ingot":18,"minecraft:sandstone":13,"iceandfire:armor_sapphire_boots":1,"iceandfire:armor_bronze_helmet":1,"iceandfire:armor_copper_helmet":1,"iceandfire:armor_green_leggings":2,"iceandfire:dragonbone_sword_fire":1,"minecraft:spruce_button":8,"minecraft:furnace":1,"iceandfire:armor_sapphire_leggings":1,"iceandfire:armor_red_leggings":1,"minecraft:stone_pickaxe":1,"iceandfire:armor_bronze_chestplate":1,"minecraft:spruce_boat":2,"iceandfire:armor_red_boots":1,"minecraft:golden_helmet":2,"minecraft:wheat":153,"sophisticatedbackpacks:iron_backpack":1,"iceandfire:dragonbone_sword":5,"iceandfire:armor_bronze_boots":1,"sophisticatedbackpacks:gold_backpack":1,"minecraft:golden_shovel":1,"minecraft:bucket":1,"minecraft:stone_axe":1,"minecraft:bread":51,"minecraft:air":0,"iceandfire:armor_red_helmet":1,"iceandfire:stymphalian_bird_dagger":2,"minecraft:iron_shovel":1,"minecraft:iron_leggings":2,"iceandfire:armor_bronze_leggings":1,"iceandfire:armor_green_boots":2},"minecraft:killed":{"minecraft:cave_spider":2,"minecraft:zombified_piglin":1,"minecraft:witch":1,"cataclysm:the_prowler":1,"minecraft:spider":6,"iceandfire:gorgon":3,"cataclysm:netherite_monstrosity":1,"iceandfire:stymphalian_bird":7,"minecraft:skeleton":22,"alexscaves:hullbreaker":2,"alexsmobs:centipede_head":1,"minecraft:piglin_brute":4,"minecraft:camel":1,"alexscaves:teletor":1,"alexscaves:notor":2,"iceandfire:myrmex_worker":4,"minecraft:piglin":5,"minecraft:pig":4,"minecraft:salmon":3,"alexscaves:gossamer_worm":1,"minecraft:sheep":2,"minecraft:pillager":1,"minecraft:zombie":21,"cataclysm:deepling":3,"alexsmobs:maned_wolf":1,"minecraft:ghast":2,"alexsmobs:rain_frog":1,"alexsmobs:roadrunner":1,"iceandfire:sea_serpent":2,"minecraft:blaze":13,"minecraft:cow":5,"alexsmobs:raccoon":3,"alexscaves:ferrouslime":1,"iceandfire:dread_thrall":2,"iceandfire:fire_dragon":3,"iceandfire:siren":1,"minecraft:drowned":1,"cataclysm:lionfish":1,"alexsmobs:bison":2,"alexsmobs:tusklin":2,"minecraft:warden":1,"cataclysm:deepling_angler":1,"minecraft:husk":18,"alexsmobs:guster":2,"cataclysm:the_watcher":2,"iceandfire:troll":2,"alexsmobs:emu":1,"iceandfire:myrmex_soldier":3,"iceandfire:ghost":2,"alexsmobs:gazelle":1,"iceandfire:ice_dragon":1,"minecraft:wither_skeleton":18,"minecraft:enderman":3},"minecraft:broken":{"iceandfire:armor_red_boots":1,"minecraft:golden_shovel":1,"iceandfire:armor_sapphire_leggings":1,"minecraft:shield":2,"iceandfire:armor_sapphire_boots":1,"minecraft:iron_helmet":1,"iceandfire:armor_sapphire_chestplate":1},"minecraft:picked_up":{"minecraft:chiseled_deepslate":1,"minecraft:iron_chestplate":1,"cataclysm:monstrous_horn":1,"minecraft:anvil":1,"iceandfire:troll_weapon_hammer":1,"minecraft:flower_pot":1,"minecraft:prismarine_shard":4,"minecraft:brown_bed":5,"minecraft:potion":1,"iceandfire:armor_silver_metal_chestplate":2,"minecraft:string":35,"minecraft:iron_leggings":3,"minecraft:sticky_piston":1,"alexsmobs:emu_feather":1,"minecraft:tnt_minecart":1,"minecraft:gold_nugget":612,"minecraft:cobbled_deepslate":10,"iceandfire:frost_lily":2,"iceandfire:myrmex_desert_resin":5,"minecraft:calcite":1,"minecraft:iron_pickaxe":2,"alexsmobs:raccoon_tail":1,"minecraft:melon_slice":43,"minecraft:coal_block":17,"minecraft:iron_boots":1,"iceandfire:dragonscales_red":161,"minecraft:stick":4,"minecraft:green_bed":2,"alexscaves:raw_azure_neodymium":2,"minecraft:torch":2,"minecraft:porkchop":6,"iceandfire:lightning_dragon_flesh":5,"minecraft:pointed_dripstone":2,"minecraft:diorite":4,"minecraft:yellow_banner":1,"iceandfire:armor_silver_metal_boots":2,"minecraft:stone_sword":5,"minecraft:cactus":4,"minecraft:rotten_flesh":38,"iceandfire:dragonegg_bronze":2,"iceandfire:deathworm_chitin_yellow":4,"iceandfire:fire_dragon_heart":7,"iceandfire:myrmex_desert_chitin":13,"alexscaves:notor_gizmo":2,"iceandfire:armor_green_helmet":1,"minecraft:blaze_rod":10,"minecraft:iron_bars":1,"minecraft:snowball":20,"minecraft:cobblestone":40,"iceandfire:sapphire_gem":1,"minecraft:feather":1,"iceandfire:stymphalian_bird_dagger":1,"iceandfire:armor_red_chestplate":2,"iceandfire:armor_green_boots":2,"minecraft:potato":8,"alexsmobs:bison_fur":3,"minecraft:flint":2,"minecraft:tuff":125,"minecraft:wither_skeleton_skull":1,"alexscaves:lanternfish":1,"iceandfire:dragonscales_bronze":69,"minecraft:dirt":67,"minecraft:lantern":3,"iceandfire:dragonbone_sword_ice":1,"alexscaves:galena":40,"alexscaves:muck":27,"minecraft:bone":31,"minecraft:bow":2,"minecraft:wheat_seeds":6,"minecraft:mossy_stone_bricks":3,"minecraft:diamond_helmet":1,"minecraft:bamboo":12,"iceandfire:dragonscales_amythest":3,"iceandfire:dragonscales_sapphire":38,"iceandfire:dragon_skull_fire":6,"iceandfire:shiny_scales":7,"minecraft:sand":305,"minecraft:stripped_spruce_log":1,"iceandfire:stymphalian_bird_feather":20,"iceandfire:lightning_dragon_heart":2,"iceandfire:myrmex_stinger":5,"minecraft:mossy_cobblestone":3,"minecraft:dark_prismarine":9,"minecraft:sugar":1,"minecraft:blue_terracotta":4,"minecraft:diamond":9,"minecraft:spruce_boat":2,"iceandfire:fire_dragon_blood":1,"minecraft:lever":2,"iceandfire:myrmex_desert_egg":1,"minecraft:spruce_button":5,"minecraft:emerald":1,"minecraft:chainmail_helmet":1,"iceandfire:gorgon_head":3,"minecraft:oak_sapling":1,"minecraft:netherrack":96,"iceandfire:raw_silver":1,"alexscaves:raw_scarlet_neodymium":14,"iceandfire:dragon_skull_lightning":5,"sophisticatedbackpacks:gold_backpack":1,"minecraft:crafting_table":1,"iceandfire:witherbone":6,"minecraft:leather_leggings":1,"iceandfire:fire_lily":2,"alexscaves:galena_gauntlet":1,"minecraft:gold_block":21,"minecraft:shield":2,"minecraft:oak_trapdoor":2,"minecraft:iron_axe":1,"iceandfire:armor_green_leggings":2,"minecraft:white_carpet":2,"minecraft:blackstone":2,"minecraft:cracked_stone_bricks":4,"minecraft:beef":28,"iceandfire:armor_silver_metal_leggings":2,"iceandfire:armor_red_helmet":1,"iceandfire:dread_shard":3,"iceandfire:ice_dragon_heart":2,"minecraft:raw_iron":41,"minecraft:sandstone":57,"iceandfire:dragonbone":168,"iceandfire:dragonscales_green":28,"iceandfire:troll_tusk":1,"minecraft:raw_gold_block":1,"iceandfire:armor_sapphire_chestplate":1,"minecraft:copper_ingot":13,"minecraft:polished_blackstone_bricks":5,"minecraft:carrot":2,"minecraft:redstone":31,"minecraft:prismarine_crystals":7,"iceandfire:dragon_skull_ice":5,"minecraft:tnt":6,"iceandfire:blindfold":1,"minecraft:arrow":14,"minecraft:diamond_boots":2,"minecraft:hay_block":17,"alexscaves:spelunkery_table":2,"iceandfire:armor_sapphire_boots":1,"minecraft:gold_ingot":3,"iceandfire:armor_red_leggings":1,"minecraft:glow_berries":5,"minecraft:mutton":5,"minecraft:rail":1,"minecraft:wet_sponge":1,"minecraft:basalt":2,"iceandfire:sea_serpent_fang":2,"minecraft:glow_ink_sac":1,"minecraft:salmon":2,"minecraft:leather":9,"minecraft:cut_sandstone":16,"minecraft:filled_map":3,"minecraft:ancient_debris":3,"minecraft:jungle_button":3,"minecraft:gunpowder":3,"minecraft:cobblestone_stairs":1,"alexscaves:ferrouslime_ball":4,"minecraft:smooth_sandstone":3,"cataclysm:infernal_forge":1,"minecraft:stone_bricks":10,"iceandfire:armor_silver_metal_helmet":3,"minecraft:iron_ingot":19,"minecraft:glass_bottle":1,"minecraft:soul_sand":1,"iceandfire:fire_dragon_flesh":51,"minecraft:iron_sword":2,"minecraft:sculk_catalyst":1,"minecraft:book":6,"minecraft:oak_slab":2,"minecraft:scaffolding":18,"iceandfire:copper_nugget":39,"minecraft:warped_fungus":1,"iceandfire:ash":2,"minecraft:gravel":4,"minecraft:white_bed":2,"minecraft:spruce_log":63,"minecraft:spider_eye":1,"iceandfire:dragonscales_copper":12,"alexscaves:mussel":2,"minecraft:iron_helmet":1,"alexscaves:azure_neodymium_pillar":1,"alexscaves:scarlet_neodymium_pillar":5,"alexscaves:cave_map":6,"minecraft:damaged_anvil":1,"minecraft:black_wool":2,"minecraft:coal":3,"iceandfire:chared_gravel":1,"minecraft:ender_pearl":3}},"DataVersion":3465}